player_id,player_display_name,week,season_type,team,opponent_team,completions,attempts,passing_yards,passing_tds,passing_interceptions,passing_air_yards,passing_yards_after_catch,sacks_suffered,carries,rushing_yards,rushing_tds
00-0023459,Aaron Rodgers,1,REG,PIT,NYJ,22,30,244,4,0,139,173,4,1,-1,0
00-0026158,Joe Flacco,1,REG,CLE,CIN,31,45,290,1,2,273,173,2,2,6,0
00-0026498,Matthew Stafford,1,REG,LA,HOU,21,29,245,1,0,226,68,3,4,-2,0
00-0029263,Russell Wilson,1,REG,NYG,WAS,17,37,168,0,0,226,84,2,8,44,0
00-0030565,Geno Smith,1,REG,LV,NE,24,34,362,1,1,350,140,4,2,10,0
00-0033077,Dak Prescott,1,REG,DAL,PHI,21,34,188,0,0,329,75,0,1,3,0
00-0033106,Jared Goff,1,REG,DET,GB,31,39,225,1,1,163,121,4,1,-1,0
00-0033873,Patrick Mahomes,1,REG,KC,LAC,24,39,258,1,0,271,116,2,6,57,1
00-0034796,Lamar Jackson,1,REG,BAL,BUF,14,19,209,2,0,173,109,2,6,70,1
00-0034855,Baker Mayfield,1,REG,TB,ATL,17,32,167,3,0,334,45,1,5,39,0
00-0034857,Josh Allen,1,REG,BUF,BAL,33,46,394,2,0,400,148,1,14,30,2
00-0034869,Sam Darnold,1,REG,SEA,SF,16,23,150,0,0,197,47,1,2,14,0
00-0035228,Kyler Murray,1,REG,ARI,NO,21,29,163,2,0,166,100,5,7,38,0
00-0035710,Daniel Jones,1,REG,IND,MIA,22,29,272,1,0,196,112,1,7,26,2
00-0036212,Tua Tagovailoa,1,REG,MIA,IND,14,23,114,1,2,166,59,3,1,7,0
00-0036264,Jordan Love,1,REG,GB,DET,16,22,188,2,0,253,39,0,3,4,0
00-0036355,Justin Herbert,1,REG,LAC,KC,25,34,318,3,0,342,134,3,7,32,0
00-0036389,Jalen Hurts,1,REG,PHI,DAL,19,23,152,0,0,112,61,1,14,62,2
00-0036442,Joe Burrow,1,REG,CIN,CLE,14,23,113,1,0,169,49,3,2,3,0
00-0036945,Justin Fields,1,REG,NYJ,PIT,16,22,218,1,0,169,76,1,12,48,2
00-0036971,Trevor Lawrence,1,REG,JAX,CAR,19,31,178,1,1,223,80,0,4,12,0
00-0037013,Zach Wilson,1,REG,MIA,IND,5,8,32,0,0,68,20,0,1,3,0
00-0037834,Brock Purdy,1,REG,SF,SEA,26,35,277,2,2,260,121,1,5,17,0
00-0039150,Bryce Young,1,REG,CAR,JAX,18,35,154,1,2,269,60,1,5,40,0
00-0039163,C.J. Stroud,1,REG,HOU,LA,19,27,188,0,1,172,73,3,5,32,0
00-0039376,Spencer Rattler,1,REG,NO,ARI,27,46,214,0,0,336,85,1,4,29,0
00-0039732,Bo Nix,1,REG,DEN,TEN,25,40,176,1,2,213,94,1,8,18,0
00-0039851,Drake Maye,1,REG,NE,LV,30,46,287,1,1,353,114,4,4,11,0
00-0039910,Jayden Daniels,1,REG,WAS,NYG,19,30,233,1,0,279,97,3,11,68,0
00-0039917,Michael Penix Jr.,1,REG,ATL,TB,27,42,298,1,0,288,189,1,6,21,1
00-0039918,Caleb Williams,1,REG,CHI,MIN,21,35,210,1,0,263,77,2,6,58,1
00-0039923,J.J. McCarthy,1,REG,MIN,CHI,13,20,143,2,1,117,68,3,2,25,1
00-0040673,Jalen Milroe,1,REG,SEA,SF,0,0,0,0,0,0,0,0,1,1,0
00-0040676,Cam Ward,1,REG,TEN,DEN,12,28,112,0,0,294,64,6,0,0,0
00-0023459,Aaron Rodgers,2,REG,PIT,SEA,18,33,203,1,2,189,132,3,1,3,0
00-0026158,Joe Flacco,2,REG,CLE,BAL,25,45,199,1,1,307,82,2,1,8,0
00-0026498,Matthew Stafford,2,REG,LA,TEN,23,33,298,2,1,262,132,1,2,-6,0
00-0028118,Tyrod Taylor,2,REG,NYJ,BUF,7,11,56,1,0,79,15,2,3,21,0
00-0029263,Russell Wilson,2,REG,NYG,DAL,30,41,450,3,1,522,137,3,3,23,0
00-0030565,Geno Smith,2,REG,LV,LAC,24,43,180,0,3,291,145,3,5,20,0
00-0033077,Dak Prescott,2,REG,DAL,NYG,38,52,361,2,1,350,147,3,3,17,0
00-0033106,Jared Goff,2,REG,DET,CHI,23,28,334,5,0,274,165,0,1,6,0
00-0033119,Jacoby Brissett,2,REG,ARI,CAR,0,0,0,0,0,0,0,0,1,2,0
00-0033662,Cooper Rush,2,REG,BAL,CLE,0,0,0,0,0,0,0,0,3,-4,0
00-0033869,Mitchell Trubisky,2,REG,BUF,NYJ,1,2,32,0,0,25,16,0,3,-3,0
00-0033873,Patrick Mahomes,2,REG,KC,PHI,16,29,187,1,1,309,68,2,7,66,1
00-0034771,Mason Rudolph,2,REG,PIT,SEA,2,2,12,0,0,-3,15,0,0,0,0
00-0034796,Lamar Jackson,2,REG,BAL,CLE,19,29,225,4,0,273,66,3,2,13,0
00-0034855,Baker Mayfield,2,REG,TB,HOU,25,38,215,2,0,304,129,4,3,33,0
00-0034857,Josh Allen,2,REG,BUF,NYJ,14,25,148,0,0,121,89,1,6,59,0
00-0034869,Sam Darnold,2,REG,SEA,PIT,22,33,295,2,2,265,130,2,0,0,0
00-0035100,Jake Browning,2,REG,CIN,JAX,21,32,241,2,3,282,117,1,1,1,1
00-0035228,Kyler Murray,2,REG,ARI,CAR,17,25,220,1,1,160,113,1,7,32,0
00-0035710,Daniel Jones,2,REG,IND,DEN,23,34,316,1,0,329,131,1,6,2,1
00-0036212,Tua Tagovailoa,2,REG,MIA,NE,26,32,315,2,1,251,145,5,0,0,0
00-0036264,Jordan Love,2,REG,GB,WAS,19,31,292,2,0,408,130,2,3,12,0
00-0036355,Justin Herbert,2,REG,LAC,LV,19,27,242,2,0,244,84,2,9,31,0
00-0036389,Jalen Hurts,2,REG,PHI,KC,15,22,101,0,0,167,54,2,9,15,1
00-0036442,Joe Burrow,2,REG,CIN,JAX,7,13,76,1,0,78,14,2,0,0,0
00-0036945,Justin Fields,2,REG,NYJ,BUF,3,11,27,0,0,93,8,2,5,49,0
00-0036971,Trevor Lawrence,2,REG,JAX,CIN,24,42,271,3,2,308,153,1,2,4,0
00-0036972,Mac Jones,2,REG,SF,NO,26,39,279,3,0,254,135,3,6,6,0
00-0038416,Tyson Bagent,2,REG,CHI,DET,2,3,27,0,0,35,14,0,2,7,0
00-0039150,Bryce Young,2,REG,CAR,ARI,35,55,328,3,1,375,150,3,2,2,0
00-0039163,C.J. Stroud,2,REG,HOU,TB,13,24,207,1,0,195,124,3,4,27,0
00-0039376,Spencer Rattler,2,REG,NO,SF,25,34,207,3,0,250,90,3,4,14,0
00-0039732,Bo Nix,2,REG,DEN,IND,22,30,206,3,1,147,123,0,3,20,0
00-0039851,Drake Maye,2,REG,NE,MIA,19,23,230,2,0,134,129,3,10,31,1
00-0039910,Jayden Daniels,2,REG,WAS,GB,24,42,200,2,0,279,107,4,7,17,0
00-0039917,Michael Penix Jr.,2,REG,ATL,MIN,13,21,135,0,0,132,59,3,1,-1,0
00-0039918,Caleb Williams,2,REG,CHI,DET,19,30,207,2,1,302,73,4,5,27,0
00-0039923,J.J. McCarthy,2,REG,MIN,ATL,11,21,158,0,2,252,42,6,5,25,0
00-0040676,Cam Ward,2,REG,TEN,LA,19,33,175,1,0,215,80,5,4,8,0
00-0040691,Jaxson Dart,2,REG,NYG,DAL,0,0,0,0,0,0,0,0,1,-3,0
00-0040704,Dillon Gabriel,2,REG,CLE,BAL,3,3,19,1,0,5,14,0,0,0,0
00-0023459,Aaron Rodgers,3,REG,PIT,NE,16,23,139,2,1,114,107,0,4,1,0
00-0026158,Joe Flacco,3,REG,CLE,GB,21,36,142,0,1,254,68,2,0,0,0
00-0026498,Matthew Stafford,3,REG,LA,PHI,19,33,196,2,1,168,57,1,0,0,0
00-0027973,Andy Dalton,3,REG,CAR,ATL,0,0,0,0,0,0,0,0,1,-1,0
00-0028118,Tyrod Taylor,3,REG,NYJ,TB,26,36,197,2,1,161,106,4,8,48,0
00-0029263,Russell Wilson,3,REG,NYG,KC,18,32,160,0,2,284,96,2,5,27,0
00-0029604,Kirk Cousins,3,REG,ATL,CAR,5,7,29,0,0,10,19,0,0,0,0
00-0030565,Geno Smith,3,REG,LV,WAS,19,29,289,3,0,305,90,5,2,5,0
00-0032268,Marcus Mariota,3,REG,WAS,LV,15,21,207,1,0,158,113,1,6,40,1
00-0032950,Carson Wentz,3,REG,MIN,CIN,14,20,173,2,0,181,81,3,2,4,0
00-0033077,Dak Prescott,3,REG,DAL,CHI,31,40,251,1,2,201,110,2,0,0,0
00-0033106,Jared Goff,3,REG,DET,BAL,20,28,202,1,0,211,69,0,4,6,0
00-0033873,Patrick Mahomes,3,REG,KC,NYG,22,37,224,1,0,319,112,2,5,2,0
00-0034796,Lamar Jackson,3,REG,BAL,DET,21,27,288,3,0,274,101,7,7,35,0
00-0034855,Baker Mayfield,3,REG,TB,NYJ,19,29,233,1,0,232,139,1,4,44,0
00-0034857,Josh Allen,3,REG,BUF,MIA,22,28,213,3,0,111,160,2,4,25,0
00-0034869,Sam Darnold,3,REG,SEA,NO,14,18,218,2,0,158,63,0,0,0,0
00-0034955,Brett Rypien,3,REG,CIN,MIN,0,0,0,0,0,0,0,1,0,0,0
00-0035100,Jake Browning,3,REG,CIN,MIN,19,27,140,1,2,129,84,3,1,3,0
00-0035228,Kyler Murray,3,REG,ARI,SF,22,35,159,1,0,177,92,1,6,37,0
00-0035704,Drew Lock,3,REG,SEA,NO,2,3,15,0,0,5,16,0,1,-1,0
00-0035710,Daniel Jones,3,REG,IND,TEN,18,25,228,1,0,175,120,0,4,27,0
00-0036212,Tua Tagovailoa,3,REG,MIA,BUF,22,34,146,2,1,204,117,0,2,10,0
00-0036264,Jordan Love,3,REG,GB,CLE,18,25,183,1,1,48,137,5,4,18,0
00-0036355,Justin Herbert,3,REG,LAC,DEN,28,47,300,1,1,429,135,5,2,6,0
00-0036389,Jalen Hurts,3,REG,PHI,LA,21,32,226,3,0,274,63,4,9,40,1
00-0036971,Trevor Lawrence,3,REG,JAX,HOU,20,40,222,0,1,315,119,2,2,9,0
00-0036972,Mac Jones,3,REG,SF,ARI,27,41,284,1,1,309,101,1,1,-1,0
00-0039150,Bryce Young,3,REG,CAR,ATL,16,24,121,0,0,133,76,1,2,8,1
00-0039163,C.J. Stroud,3,REG,HOU,JAX,25,38,204,1,2,288,91,2,4,22,0
00-0039164,Anthony Richardson,3,REG,IND,TEN,0,0,0,0,0,0,0,0,4,-1,0
00-0039376,Spencer Rattler,3,REG,NO,SEA,28,39,218,1,1,314,102,2,2,10,0
00-0039398,Joe Milton III,3,REG,DAL,CHI,3,5,41,0,1,67,7,0,0,0,0
00-0039732,Bo Nix,3,REG,DEN,LAC,14,25,153,1,0,269,84,2,8,33,0
00-0039851,Drake Maye,3,REG,NE,PIT,28,37,268,2,1,207,109,5,7,45,0
00-0039917,Michael Penix Jr.,3,REG,ATL,CAR,18,36,172,0,2,296,92,0,2,9,0
00-0039918,Caleb Williams,3,REG,CHI,DAL,19,28,298,4,0,250,156,0,5,12,0
00-0040494,Max Brosmer,3,REG,MIN,CIN,2,4,29,0,0,7,28,0,0,0,0
00-0040673,Jalen Milroe,3,REG,SEA,NO,0,0,0,0,0,0,0,0,1,3,0
00-0040676,Cam Ward,3,REG,TEN,IND,23,38,219,1,1,185,114,4,3,12,0
00-0040691,Jaxson Dart,3,REG,NYG,KC,0,0,0,0,0,0,0,0,1,3,0
00-0040743,Tyler Shough,3,REG,NO,SEA,0,2,0,0,0,33,0,0,0,0,0
00-0023459,Aaron Rodgers,4,REG,PIT,MIN,18,22,200,1,0,73,146,2,3,8,0
00-0026158,Joe Flacco,4,REG,CLE,DET,16,34,184,0,2,333,79,3,3,-1,0
00-0026498,Matthew Stafford,4,REG,LA,IND,29,41,375,3,0,342,155,3,4,4,0
00-0027973,Andy Dalton,4,REG,CAR,NE,5,6,58,1,0,46,35,0,0,0,0
00-0029263,Russell Wilson,4,REG,NYG,LAC,1,1,8,0,0,-5,13,1,0,0,0
00-0030565,Geno Smith,4,REG,LV,CHI,14,21,117,2,3,97,92,0,4,31,0
00-0032268,Marcus Mariota,4,REG,WAS,ATL,16,27,156,2,1,286,23,2,2,20,0
00-0032950,Carson Wentz,4,REG,MIN,PIT,30,46,350,2,2,335,160,6,2,12,0
00-0033077,Dak Prescott,4,REG,DAL,GB,31,40,319,3,0,327,136,1,1,2,1
00-0033106,Jared Goff,4,REG,DET,CLE,16,27,168,2,1,313,76,0,0,0,0
00-0033662,Cooper Rush,4,REG,BAL,KC,9,13,52,0,0,40,38,0,0,0,0
00-0033873,Patrick Mahomes,4,REG,KC,BAL,25,37,270,4,0,259,158,1,4,5,0
00-0033949,Joshua Dobbs,4,REG,NE,CAR,0,1,0,0,0,18,0,0,3,-2,0
00-0034577,Kyle Allen,4,REG,DET,CLE,0,0,0,0,0,0,0,0,2,-2,0
00-0034796,Lamar Jackson,4,REG,BAL,KC,14,20,147,1,1,118,63,3,6,48,0
00-0034855,Baker Mayfield,4,REG,TB,PHI,22,40,289,2,1,319,199,2,2,13,0
00-0034857,Josh Allen,4,REG,BUF,NO,16,22,209,2,1,224,123,3,7,45,1
00-0034869,Sam Darnold,4,REG,SEA,ARI,18,26,242,1,0,237,97,3,1,24,0
00-0035100,Jake Browning,4,REG,CIN,DEN,14,25,125,0,0,200,68,3,3,4,0
00-0035228,Kyler Murray,4,REG,ARI,SEA,27,41,200,2,2,238,125,6,5,41,0
00-0035289,Gardner Minshew,4,REG,KC,BAL,0,0,0,0,0,0,0,0,2,-3,0
00-0035710,Daniel Jones,4,REG,IND,LA,24,33,262,1,2,313,127,2,1,-1,0
00-0036212,Tua Tagovailoa,4,REG,MIA,NYJ,17,25,177,2,0,137,90,0,3,6,0
00-0036264,Jordan Love,4,REG,GB,DAL,31,43,337,3,0,255,252,1,3,28,0
00-0036355,Justin Herbert,4,REG,LAC,NYG,23,41,203,1,2,265,81,2,1,24,0
00-0036389,Jalen Hurts,4,REG,PHI,TB,15,24,130,2,0,167,82,2,9,62,0
00-0036945,Justin Fields,4,REG,NYJ,MIA,20,27,226,1,0,205,86,2,7,81,1
00-0036971,Trevor Lawrence,4,REG,JAX,SF,21,31,174,1,0,196,61,0,7,7,0
00-0037834,Brock Purdy,4,REG,SF,JAX,22,38,309,2,2,306,138,1,2,13,0
00-0039150,Bryce Young,4,REG,CAR,NE,18,30,150,1,0,153,95,1,1,3,0
00-0039163,C.J. Stroud,4,REG,HOU,TEN,22,28,233,2,0,182,109,2,4,11,0
00-0039376,Spencer Rattler,4,REG,NO,BUF,18,27,126,1,0,120,43,3,6,49,0
00-0039732,Bo Nix,4,REG,DEN,CIN,29,42,326,2,1,280,225,0,6,7,1
00-0039851,Drake Maye,4,REG,NE,CAR,14,17,203,2,0,133,110,1,3,11,1
00-0039917,Michael Penix Jr.,4,REG,ATL,WAS,20,26,313,2,1,274,134,1,4,2,0
00-0039918,Caleb Williams,4,REG,CHI,LV,22,37,212,1,1,246,99,1,8,13,0
00-0040676,Cam Ward,4,REG,TEN,HOU,10,26,108,0,1,190,41,2,2,22,0
00-0040691,Jaxson Dart,4,REG,NYG,LAC,13,20,111,1,0,127,66,5,10,54,1
00-0040704,Dillon Gabriel,4,REG,CLE,DET,0,1,0,0,0,14,0,0,0,0,0
00-0026498,Matthew Stafford,5,REG,LA,SF,30,47,389,3,0,528,120,1,1,0,0
00-0030565,Geno Smith,5,REG,LV,IND,25,36,228,0,2,244,121,4,3,8,0
00-0032950,Carson Wentz,5,REG,MIN,CLE,25,34,236,1,0,237,120,3,3,13,0
00-0033077,Dak Prescott,5,REG,DAL,NYJ,18,29,237,4,0,232,126,1,7,28,0
00-0033106,Jared Goff,5,REG,DET,CIN,19,23,258,3,0,103,172,4,2,-2,0
00-0033119,Jacoby Brissett,5,REG,ARI,TEN,0,1,0,0,0,9,0,0,0,0,0
00-0033662,Cooper Rush,5,REG,BAL,HOU,14,20,179,0,3,163,83,1,0,0,0
00-0033873,Patrick Mahomes,5,REG,KC,JAX,29,41,318,1,1,401,152,0,6,60,1
00-0034855,Baker Mayfield,5,REG,TB,SEA,29,33,379,2,0,257,202,1,5,15,0
00-0034857,Josh Allen,5,REG,BUF,NE,22,31,253,2,1,246,99,1,9,53,0
00-0034869,Sam Darnold,5,REG,SEA,TB,28,34,341,4,1,275,104,0,0,0,0
00-0035100,Jake Browning,5,REG,CIN,DET,26,40,251,3,3,339,93,2,4,31,0
00-0035228,Kyler Murray,5,REG,ARI,TEN,23,31,220,0,0,200,115,3,4,25,1
00-0035710,Daniel Jones,5,REG,IND,LV,20,29,212,2,0,225,65,0,1,2,0
00-0036212,Tua Tagovailoa,5,REG,MIA,CAR,27,36,256,3,0,287,76,3,1,5,0
00-0036355,Justin Herbert,5,REG,LAC,WAS,22,29,166,1,1,110,98,4,4,60,0
00-0036389,Jalen Hurts,5,REG,PHI,DEN,23,38,280,2,0,416,117,6,2,3,0
00-0036898,Davis Mills,5,REG,HOU,BAL,2,4,23,0,0,53,0,0,3,3,0
00-0036945,Justin Fields,5,REG,NYJ,DAL,32,46,283,2,0,308,110,5,7,26,0
00-0036971,Trevor Lawrence,5,REG,JAX,KC,18,25,221,1,1,209,101,3,10,54,2
00-0036972,Mac Jones,5,REG,SF,LA,33,49,342,2,0,290,179,1,4,5,0
00-0037012,Trey Lance,5,REG,LAC,WAS,3,4,44,0,0,17,27,1,1,11,0
00-0039150,Bryce Young,5,REG,CAR,MIA,19,30,198,2,1,244,73,3,3,1,0
00-0039163,C.J. Stroud,5,REG,HOU,BAL,23,27,244,4,0,206,77,2,1,30,0
00-0039164,Anthony Richardson,5,REG,IND,LV,1,2,9,0,0,31,7,0,0,0,0
00-0039376,Spencer Rattler,5,REG,NO,NYG,21,31,225,1,0,221,96,0,6,21,0
00-0039732,Bo Nix,5,REG,DEN,PHI,24,39,242,1,0,318,122,2,3,22,0
00-0039851,Drake Maye,5,REG,NE,BUF,22,30,273,0,0,213,100,4,3,12,0
00-0039910,Jayden Daniels,5,REG,WAS,LAC,15,26,231,1,0,239,110,1,8,39,0
00-0040494,Max Brosmer,5,REG,MIN,CLE,0,0,0,0,0,0,0,0,1,-1,0
00-0040673,Jalen Milroe,5,REG,SEA,TB,0,0,0,0,0,0,0,0,1,0,0
00-0040676,Cam Ward,5,REG,TEN,ARI,21,39,265,0,1,421,81,2,5,-6,0
00-0040691,Jaxson Dart,5,REG,NYG,NO,26,40,202,2,2,328,138,1,7,55,0
00-0040704,Dillon Gabriel,5,REG,CLE,MIN,19,33,190,2,0,208,103,2,2,5,0
00-0023459,Aaron Rodgers,6,REG,PIT,CLE,21,30,235,2,0,223,132,0,1,1,0
00-0026158,Joe Flacco,6,REG,CIN,GB,29,45,219,2,0,269,93,1,0,0,0
00-0026498,Matthew Stafford,6,REG,LA,BAL,17,26,181,1,0,229,63,2,4,1,0
00-0029263,Russell Wilson,6,REG,NYG,PHI,0,1,0,0,0,10,0,0,0,0,0
00-0030565,Geno Smith,6,REG,LV,TEN,17,23,174,1,1,58,122,2,4,-3,0
00-0033077,Dak Prescott,6,REG,DAL,CAR,25,34,261,3,0,189,136,0,2,-1,0
00-0033106,Jared Goff,6,REG,DET,KC,23,29,203,2,0,109,127,1,1,7,0
00-0033119,Jacoby Brissett,6,REG,ARI,IND,27,44,320,2,1,391,129,2,3,19,0
00-0033662,Cooper Rush,6,REG,BAL,LA,11,19,72,0,1,132,28,0,1,0,0
00-0033873,Patrick Mahomes,6,REG,KC,DET,22,30,257,3,0,154,178,3,10,32,1
00-0034771,Mason Rudolph,6,REG,PIT,CLE,0,0,0,0,0,0,0,0,3,0,0
00-0034855,Baker Mayfield,6,REG,TB,SF,17,23,256,2,0,239,106,1,3,14,0
00-0034857,Josh Allen,6,REG,BUF,ATL,15,26,180,2,2,287,56,4,6,42,0
00-0034869,Sam Darnold,6,REG,SEA,JAX,16,27,295,2,0,361,95,1,4,2,0
00-0035710,Daniel Jones,6,REG,IND,ARI,22,30,212,2,1,204,115,1,5,20,1
00-0035993,Tyler Huntley,6,REG,BAL,LA,10,15,68,0,0,86,35,4,3,39,0
00-0036212,Tua Tagovailoa,6,REG,MIA,LAC,21,32,205,1,3,214,91,2,1,4,0
00-0036264,Jordan Love,6,REG,GB,CIN,19,26,259,1,1,246,105,1,7,26,0
00-0036355,Justin Herbert,6,REG,LAC,MIA,29,38,264,2,0,220,160,1,1,2,0
00-0036389,Jalen Hurts,6,REG,PHI,NYG,24,33,283,1,1,316,93,3,7,13,1
00-0036945,Justin Fields,6,REG,NYJ,DEN,9,17,45,0,0,94,13,9,7,31,0
00-0036971,Trevor Lawrence,6,REG,JAX,SEA,27,42,258,2,0,320,127,7,3,9,0
00-0036972,Mac Jones,6,REG,SF,TB,27,39,347,0,2,378,165,6,5,13,0
00-0039150,Bryce Young,6,REG,CAR,DAL,17,25,199,3,1,154,98,1,3,5,0
00-0039376,Spencer Rattler,6,REG,NO,NE,20,26,227,0,0,221,99,2,4,20,0
00-0039732,Bo Nix,6,REG,DEN,NYJ,19,30,174,1,0,153,112,1,5,24,0
00-0039851,Drake Maye,6,REG,NE,NO,18,26,261,3,0,284,86,1,9,28,0
00-0039910,Jayden Daniels,6,REG,WAS,CHI,19,26,211,3,1,212,70,3,10,52,0
00-0039917,Michael Penix Jr.,6,REG,ATL,BUF,20,32,250,1,0,232,140,2,2,6,0
00-0039918,Caleb Williams,6,REG,CHI,WAS,17,29,252,1,0,246,194,3,4,-2,1
00-0040676,Cam Ward,6,REG,TEN,LV,26,38,222,1,1,253,117,6,0,0,0
00-0040691,Jaxson Dart,6,REG,NYG,PHI,17,25,195,1,0,229,76,2,13,58,1
00-0040704,Dillon Gabriel,6,REG,CLE,PIT,29,52,221,0,0,314,105,6,0,0,0
00-0023459,Aaron Rodgers,7,REG,PIT,CIN,23,34,249,4,2,309,143,0,1,6,0
00-0026158,Joe Flacco,7,REG,CIN,PIT,31,47,342,3,0,337,168,2,5,3,0
00-0026498,Matthew Stafford,7,REG,LA,JAX,21,33,182,5,0,363,65,0,2,1,0
00-0027973,Andy Dalton,7,REG,CAR,NYJ,4,7,60,0,0,107,4,1,2,-2,0
00-0028118,Tyrod Taylor,7,REG,NYJ,CAR,10,22,126,0,2,280,33,3,3,11,0
00-0030565,Geno Smith,7,REG,LV,KC,10,16,67,0,0,50,66,1,2,1,0
00-0031237,Teddy Bridgewater,7,REG,TB,DET,0,0,0,0,0,0,0,0,1,-1,0
00-0031345,Jimmy Garoppolo,7,REG,LA,JAX,0,0,0,0,0,0,0,0,3,-3,0
00-0032268,Marcus Mariota,7,REG,WAS,DAL,4,10,63,0,1,121,19,2,2,34,0
00-0032950,Carson Wentz,7,REG,MIN,PHI,26,42,313,0,2,421,109,2,4,28,0
00-0033077,Dak Prescott,7,REG,DAL,WAS,21,30,264,3,0,212,135,1,5,7,0
00-0033106,Jared Goff,7,REG,DET,TB,20,29,241,1,1,157,187,4,2,7,0
00-0033119,Jacoby Brissett,7,REG,ARI,GB,25,36,279,2,0,312,99,6,6,26,0
00-0033873,Patrick Mahomes,7,REG,KC,LV,26,35,286,3,0,207,154,1,4,28,0
00-0033949,Joshua Dobbs,7,REG,NE,TEN,1,1,12,0,0,12,0,0,2,-2,0
00-0034855,Baker Mayfield,7,REG,TB,DET,28,50,228,1,1,478,107,4,0,0,0
00-0034869,Sam Darnold,7,REG,SEA,HOU,17,31,213,1,1,271,80,2,3,1,0
00-0035289,Gardner Minshew,7,REG,KC,LV,0,0,0,0,0,0,0,0,3,-3,0
00-0035710,Daniel Jones,7,REG,IND,LAC,23,34,288,2,0,334,142,1,5,7,0
00-0036212,Tua Tagovailoa,7,REG,MIA,CLE,12,23,100,0,3,158,58,2,3,6,0
00-0036264,Jordan Love,7,REG,GB,ARI,19,29,179,1,0,190,79,1,4,22,0
00-0036355,Justin Herbert,7,REG,LAC,IND,37,55,420,3,2,451,142,3,6,31,0
00-0036389,Jalen Hurts,7,REG,PHI,MIN,19,23,326,3,0,284,90,3,4,-10,0
00-0036945,Justin Fields,7,REG,NYJ,CAR,6,12,46,0,0,87,31,3,4,22,0
00-0036971,Trevor Lawrence,7,REG,JAX,LA,23,48,296,1,0,522,82,7,2,18,0
00-0036972,Mac Jones,7,REG,SF,ATL,17,26,152,0,1,132,100,1,5,11,0
00-0038102,Kenny Pickett,7,REG,LV,KC,2,2,8,0,0,1,7,0,1,0,0
00-0039150,Bryce Young,7,REG,CAR,NYJ,15,25,138,1,0,126,109,1,2,10,0
00-0039163,C.J. Stroud,7,REG,HOU,SEA,23,49,229,1,1,424,109,3,2,25,0
00-0039376,Spencer Rattler,7,REG,NO,CHI,20,32,233,2,3,386,69,4,2,12,0
00-0039732,Bo Nix,7,REG,DEN,NYG,27,50,279,2,0,393,142,2,5,48,2
00-0039851,Drake Maye,7,REG,NE,TEN,21,23,222,2,0,185,60,4,8,62,0
00-0039910,Jayden Daniels,7,REG,WAS,DAL,12,22,156,1,0,195,69,2,8,35,1
00-0039917,Michael Penix Jr.,7,REG,ATL,SF,21,38,241,1,0,357,91,2,2,6,0
00-0039918,Caleb Williams,7,REG,CHI,NO,15,26,172,0,1,220,89,1,4,-2,0
00-0040234,Quinn Ewers,7,REG,MIA,CLE,5,8,53,0,0,72,15,2,1,0,0
00-0040676,Cam Ward,7,REG,TEN,NE,25,34,255,1,1,226,132,5,0,0,0
00-0040691,Jaxson Dart,7,REG,NYG,DEN,15,33,283,3,1,342,147,4,5,11,1
00-0040704,Dillon Gabriel,7,REG,CLE,MIA,13,18,116,0,0,86,86,2,4,12,0
00-0023459,Aaron Rodgers,8,REG,PIT,GB,24,36,219,2,0,240,88,3,0,0,0
00-0026158,Joe Flacco,8,REG,CIN,NYJ,21,34,223,2,0,216,152,1,2,14,1
00-0027973,Andy Dalton,8,REG,CAR,BUF,16,24,175,0,1,195,51,7,2,1,0
00-0029604,Kirk Cousins,8,REG,ATL,MIA,21,31,173,0,0,285,75,1,2,2,0
00-0032268,Marcus Mariota,8,REG,WAS,KC,21,30,213,1,2,162,122,2,8,28,0
00-0032950,Carson Wentz,8,REG,MIN,LAC,15,27,144,1,1,114,103,5,0,0,0
00-0033077,Dak Prescott,8,REG,DAL,DEN,19,31,188,0,2,214,64,2,6,31,0
00-0033869,Mitchell Trubisky,8,REG,BUF,CAR,2,4,22,0,0,31,0,0,0,0,0
00-0033873,Patrick Mahomes,8,REG,KC,WAS,25,34,299,3,2,219,173,3,4,30,0
00-0034855,Baker Mayfield,8,REG,TB,NO,15,24,152,0,0,162,86,3,0,0,0
00-0034857,Josh Allen,8,REG,BUF,CAR,12,19,163,1,0,116,116,2,3,7,2
00-0035264,Jarrett Stidham,8,REG,DEN,DAL,0,0,0,0,0,0,0,0,1,-1,0
00-0035710,Daniel Jones,8,REG,IND,TEN,21,29,272,3,0,258,110,3,1,3,0
00-0035993,Tyler Huntley,8,REG,BAL,CHI,17,22,186,1,0,209,42,2,8,53,0
00-0036212,Tua Tagovailoa,8,REG,MIA,ATL,20,26,205,4,0,104,145,1,0,0,0
00-0036264,Jordan Love,8,REG,GB,PIT,29,37,360,3,0,194,245,0,1,-1,0
00-0036355,Justin Herbert,8,REG,LAC,MIN,18,25,227,3,1,206,75,2,7,62,0
00-0036389,Jalen Hurts,8,REG,PHI,NYG,15,20,179,4,0,147,87,4,4,22,0
00-0036945,Justin Fields,8,REG,NYJ,CIN,21,32,244,1,0,180,152,0,11,31,0
00-0036972,Mac Jones,8,REG,SF,HOU,19,32,193,2,1,319,64,2,2,23,0
00-0037013,Zach Wilson,8,REG,MIA,ATL,1,1,0,0,0,-3,3,0,0,0,0
00-0038400,Tanner McKee,8,REG,PHI,NYG,0,0,0,0,0,0,0,0,3,-2,0
00-0039163,C.J. Stroud,8,REG,HOU,SF,30,39,318,2,1,338,146,0,7,30,0
00-0039376,Spencer Rattler,8,REG,NO,TB,15,21,136,0,1,178,58,3,3,12,0
00-0039398,Joe Milton III,8,REG,DAL,DEN,3,4,58,1,0,48,14,0,0,0,0
00-0039732,Bo Nix,8,REG,DEN,DAL,19,29,247,4,1,299,81,0,1,-1,0
00-0039851,Drake Maye,8,REG,NE,CLE,18,24,282,3,1,277,80,6,7,50,0
00-0039918,Caleb Williams,8,REG,CHI,BAL,25,38,285,0,1,310,125,1,3,24,0
00-0040206,Riley Leonard,8,REG,IND,TEN,0,2,0,0,0,9,0,0,1,1,0
00-0040494,Max Brosmer,8,REG,MIN,LAC,3,4,13,0,0,-6,23,0,0,0,0
00-0040676,Cam Ward,8,REG,TEN,IND,22,38,259,1,1,328,101,4,2,4,0
00-0040691,Jaxson Dart,8,REG,NYG,PHI,14,24,193,1,0,235,72,5,6,17,1
00-0040704,Dillon Gabriel,8,REG,CLE,NE,21,35,156,2,2,195,88,1,1,13,0
00-0040743,Tyler Shough,8,REG,NO,TB,17,30,128,0,1,241,39,2,3,12,0
00-0023459,Aaron Rodgers,9,REG,PIT,IND,25,35,203,1,0,103,148,3,2,0,0
00-0026158,Joe Flacco,9,REG,CIN,CHI,31,47,470,4,2,427,183,3,1,-1,0
00-0026498,Matthew Stafford,9,REG,LA,NO,24,32,281,4,0,319,105,2,4,-4,0
00-0030565,Geno Smith,9,REG,LV,JAX,29,39,284,4,1,162,196,2,5,9,0
00-0033077,Dak Prescott,9,REG,DAL,ARI,24,39,250,1,1,400,91,5,4,34,0
00-0033106,Jared Goff,9,REG,DET,MIN,25,37,284,2,0,249,141,5,0,0,0
00-0033119,Jacoby Brissett,9,REG,ARI,DAL,21,31,261,2,0,248,127,5,5,4,1
00-0033873,Patrick Mahomes,9,REG,KC,BUF,15,34,250,0,1,493,64,3,1,5,0
00-0034796,Lamar Jackson,9,REG,BAL,MIA,18,23,204,4,0,207,91,2,5,14,0
00-0034857,Josh Allen,9,REG,BUF,KC,23,26,273,1,0,133,169,3,6,19,2
00-0034869,Sam Darnold,9,REG,SEA,WAS,21,24,330,4,1,207,145,0,0,0,0
00-0035710,Daniel Jones,9,REG,IND,PIT,31,50,342,1,3,432,88,5,3,4,1
00-0036212,Tua Tagovailoa,9,REG,MIA,BAL,25,40,261,0,1,271,141,2,1,1,0
00-0036264,Jordan Love,9,REG,GB,CAR,26,37,273,0,1,325,101,1,1,1,0
00-0036355,Justin Herbert,9,REG,LAC,TEN,19,29,250,2,1,311,104,6,9,57,1
00-0036898,Davis Mills,9,REG,HOU,DEN,17,30,137,0,0,245,31,2,2,7,0
00-0036971,Trevor Lawrence,9,REG,JAX,LV,23,34,220,0,1,289,90,1,9,24,2
00-0036972,Mac Jones,9,REG,SF,NYG,19,24,235,2,0,160,112,2,4,4,0
00-0038416,Tyson Bagent,9,REG,CHI,CIN,1,1,20,0,0,-5,25,0,0,0,0
00-0038658,Adrian Martinez,9,REG,SF,NYG,0,0,0,0,0,0,0,0,1,-1,0
00-0039150,Bryce Young,9,REG,CAR,GB,11,20,102,0,1,125,23,1,2,9,0
00-0039163,C.J. Stroud,9,REG,HOU,DEN,6,10,79,0,0,86,38,2,2,12,0
00-0039732,Bo Nix,9,REG,DEN,HOU,18,37,173,2,1,441,92,1,3,36,0
00-0039851,Drake Maye,9,REG,NE,ATL,19,29,259,2,1,310,111,6,8,20,0
00-0039910,Jayden Daniels,9,REG,WAS,SEA,16,22,153,0,1,125,71,4,10,51,1
00-0039917,Michael Penix Jr.,9,REG,ATL,NE,22,37,221,3,0,304,53,1,2,19,0
00-0039918,Caleb Williams,9,REG,CHI,CIN,20,34,280,3,0,285,165,2,5,53,0
00-0039923,J.J. McCarthy,9,REG,MIN,DET,14,25,143,2,1,258,33,5,9,12,1
00-0040676,Cam Ward,9,REG,TEN,LAC,12,21,145,0,0,183,85,4,2,6,0
00-0040691,Jaxson Dart,9,REG,NYG,SF,24,33,191,2,0,217,79,2,8,56,1
00-0040743,Tyler Shough,9,REG,NO,LA,15,24,176,1,1,219,47,1,1,2,0
00-0023459,Aaron Rodgers,10,REG,PIT,LAC,16,31,161,1,2,251,114,3,0,0,0
00-0026498,Matthew Stafford,10,REG,LA,SF,24,36,280,4,0,332,142,1,3,-3,0
00-0029263,Russell Wilson,10,REG,NYG,CHI,3,7,45,0,0,21,46,2,2,12,0
00-0030565,Geno Smith,10,REG,LV,DEN,16,26,143,0,1,57,84,6,3,7,0
00-0032268,Marcus Mariota,10,REG,WAS,DET,16,22,213,2,0,288,39,2,5,22,0
00-0033106,Jared Goff,10,REG,DET,WAS,25,33,320,3,0,163,192,0,0,0,0
00-0033119,Jacoby Brissett,10,REG,ARI,SEA,22,44,258,2,0,324,119,5,4,31,0
00-0033869,Mitchell Trubisky,10,REG,BUF,MIA,0,0,0,0,0,0,0,0,1,4,0
00-0034577,Kyle Allen,10,REG,DET,WAS,0,2,0,0,0,10,0,0,1,-1,0
00-0034796,Lamar Jackson,10,REG,BAL,MIN,17,29,176,1,0,119,100,1,9,36,0
00-0034855,Baker Mayfield,10,REG,TB,NE,28,43,273,3,0,282,132,2,0,0,0
00-0034857,Josh Allen,10,REG,BUF,MIA,28,40,306,2,1,404,114,3,4,31,0
00-0034869,Sam Darnold,10,REG,SEA,ARI,10,12,178,1,1,128,79,1,3,-2,0
00-0035704,Drew Lock,10,REG,SEA,ARI,0,0,0,0,0,0,0,0,4,-4,0
00-0035710,Daniel Jones,10,REG,IND,ATL,19,26,255,1,1,209,134,7,7,53,0
00-0036212,Tua Tagovailoa,10,REG,MIA,BUF,15,21,173,2,2,188,89,0,2,-1,0
00-0036264,Jordan Love,10,REG,GB,PHI,20,36,176,0,0,304,71,3,5,28,0
00-0036355,Justin Herbert,10,REG,LAC,PIT,20,33,220,1,0,156,179,5,5,19,0
00-0036389,Jalen Hurts,10,REG,PHI,GB,15,26,183,1,0,229,92,0,5,27,0
00-0036898,Davis Mills,10,REG,HOU,JAX,27,45,292,2,1,427,76,2,3,20,1
00-0036945,Justin Fields,10,REG,NYJ,CLE,6,11,54,1,1,38,67,3,7,28,0
00-0036971,Trevor Lawrence,10,REG,JAX,HOU,13,23,158,1,1,146,77,5,5,35,0
00-0036972,Mac Jones,10,REG,SF,LA,33,39,319,3,1,282,101,0,1,3,0
00-0038102,Kenny Pickett,10,REG,LV,DEN,0,1,0,0,0,4,0,0,0,0,0
00-0039150,Bryce Young,10,REG,CAR,NO,17,25,124,0,1,162,55,2,2,6,0
00-0039577,Kedon Slovis,10,REG,ARI,SEA,0,1,0,0,0,5,0,0,0,0,0
00-0039732,Bo Nix,10,REG,DEN,LV,16,28,150,1,2,247,77,1,5,-2,0
00-0039851,Drake Maye,10,REG,NE,TB,16,31,270,2,1,350,134,1,7,13,0
00-0039917,Michael Penix Jr.,10,REG,ATL,IND,12,28,177,1,0,288,47,3,1,-1,0
00-0039918,Caleb Williams,10,REG,CHI,NYG,20,36,220,1,0,345,76,0,8,63,1
00-0039923,J.J. McCarthy,10,REG,MIN,BAL,20,42,248,1,2,458,114,1,5,48,0
00-0040691,Jaxson Dart,10,REG,NYG,CHI,19,29,242,0,0,270,77,2,6,66,2
00-0040704,Dillon Gabriel,10,REG,CLE,NYJ,17,32,167,2,0,200,76,6,5,54,0
00-0040743,Tyler Shough,10,REG,NO,CAR,19,27,282,2,0,259,134,2,4,-3,0
00-0023459,Aaron Rodgers,11,REG,PIT,CIN,9,15,116,1,0,82,102,1,1,8,0
00-0026158,Joe Flacco,11,REG,CIN,PIT,23,40,199,1,1,285,97,1,1,-1,0
00-0026498,Matthew Stafford,11,REG,LA,SEA,15,28,130,2,0,146,74,0,0,0,0
00-0029604,Kirk Cousins,11,REG,ATL,CAR,6,14,48,0,0,126,24,0,1,2,0
00-0030565,Geno Smith,11,REG,LV,DAL,27,42,238,1,1,220,151,4,4,14,0
00-0031237,Teddy Bridgewater,11,REG,TB,BUF,0,0,0,0,0,0,0,0,1,-1,0
00-0031503,Jameis Winston,11,REG,NYG,GB,19,29,201,0,1,219,89,2,3,10,1
00-0032268,Marcus Mariota,11,REG,WAS,MIA,20,30,213,1,1,221,126,1,4,49,0
00-0033077,Dak Prescott,11,REG,DAL,LV,25,33,268,4,0,232,138,1,4,-4,0
00-0033106,Jared Goff,11,REG,DET,PHI,14,37,255,1,1,246,193,2,1,-1,0
00-0033119,Jacoby Brissett,11,REG,ARI,SF,47,57,452,2,2,388,198,0,2,-2,0
00-0033873,Patrick Mahomes,11,REG,KC,DEN,29,45,276,1,1,324,181,3,1,3,0
00-0034771,Mason Rudolph,11,REG,PIT,CIN,12,16,127,1,0,51,123,0,1,-1,0
00-0034796,Lamar Jackson,11,REG,BAL,CLE,14,25,193,0,2,199,106,5,4,10,0
00-0034855,Baker Mayfield,11,REG,TB,BUF,16,28,173,1,1,196,78,1,5,39,1
00-0034857,Josh Allen,11,REG,BUF,TB,19,30,317,3,2,346,154,0,6,40,3
00-0034869,Sam Darnold,11,REG,SEA,LA,29,44,279,0,4,342,113,0,2,11,0
00-0036212,Tua Tagovailoa,11,REG,MIA,WAS,14,20,171,0,0,135,115,3,0,0,0
00-0036264,Jordan Love,11,REG,GB,NYG,13,24,174,2,0,290,29,2,2,7,0
00-0036355,Justin Herbert,11,REG,LAC,JAX,10,18,81,0,1,68,52,2,3,21,0
00-0036389,Jalen Hurts,11,REG,PHI,DET,14,28,135,0,0,362,40,1,10,31,1
00-0036898,Davis Mills,11,REG,HOU,TEN,26,41,274,1,0,350,82,4,2,14,0
00-0036945,Justin Fields,11,REG,NYJ,NE,15,26,116,1,0,205,43,2,11,67,1
00-0036971,Trevor Lawrence,11,REG,JAX,LAC,14,22,153,1,1,194,45,0,5,9,1
00-0036972,Mac Jones,11,REG,SF,ARI,0,0,0,0,0,0,0,0,3,-3,0
00-0037012,Trey Lance,11,REG,LAC,JAX,3,8,37,0,0,116,7,1,3,1,0
00-0037834,Brock Purdy,11,REG,SF,ARI,19,26,200,3,0,188,77,1,1,-7,0
00-0038128,Malik Willis,11,REG,GB,NYG,2,2,6,1,0,3,3,0,1,16,0
00-0039150,Bryce Young,11,REG,CAR,ATL,31,45,448,3,0,278,247,5,1,-1,0
00-0039732,Bo Nix,11,REG,DEN,KC,24,37,295,0,0,317,142,2,3,8,0
00-0039851,Drake Maye,11,REG,NE,NYJ,25,34,281,1,0,399,94,1,4,2,0
00-0039917,Michael Penix Jr.,11,REG,ATL,CAR,13,16,175,0,0,129,83,0,1,9,0
00-0039918,Caleb Williams,11,REG,CHI,MIN,16,32,193,0,0,385,108,2,4,26,0
00-0039923,J.J. McCarthy,11,REG,MIN,CHI,16,32,150,1,2,309,72,0,0,0,0
00-0040668,Shedeur Sanders,11,REG,CLE,BAL,4,16,47,0,1,110,16,2,3,16,0
00-0040676,Cam Ward,11,REG,TEN,HOU,24,37,194,1,0,268,89,3,3,33,0
00-0040704,Dillon Gabriel,11,REG,CLE,BAL,7,10,68,0,0,56,28,1,2,2,0
00-0026158,Joe Flacco,12,REG,CIN,NE,19,37,183,1,1,327,55,1,1,3,0
00-0026498,Matthew Stafford,12,REG,LA,TB,25,35,273,3,0,249,112,1,0,0,0
00-0028118,Tyrod Taylor,12,REG,NYJ,BAL,17,28,222,1,1,288,149,3,5,19,0
00-0029604,Kirk Cousins,12,REG,ATL,NO,16,23,199,2,1,169,87,3,2,5,0
00-0030565,Geno Smith,12,REG,LV,CLE,30,44,285,1,0,361,171,10,3,8,0
00-0031237,Teddy Bridgewater,12,REG,TB,LA,8,15,62,0,0,98,52,2,1,6,0
00-0031503,Jameis Winston,12,REG,NYG,DET,18,36,366,2,1,396,121,1,4,13,0
00-0033077,Dak Prescott,12,REG,DAL,PHI,23,36,354,2,1,366,129,1,5,9,1
00-0033106,Jared Goff,12,REG,DET,NYG,28,42,279,2,1,221,169,3,0,0,0
00-0033119,Jacoby Brissett,12,REG,ARI,JAX,33,49,317,1,0,383,159,6,3,20,0
00-0033873,Patrick Mahomes,12,REG,KC,IND,29,46,352,0,1,351,218,4,4,30,0
00-0034771,Mason Rudolph,12,REG,PIT,CHI,24,31,171,1,1,196,116,2,3,7,0
00-0034796,Lamar Jackson,12,REG,BAL,NYJ,13,23,153,0,0,224,51,1,7,11,0
00-0034855,Baker Mayfield,12,REG,TB,LA,9,19,41,1,2,153,21,2,4,19,0
00-0034857,Josh Allen,12,REG,BUF,HOU,24,34,253,0,2,161,180,8,5,20,0
00-0034869,Sam Darnold,12,REG,SEA,TEN,16,26,244,2,0,245,122,1,1,-1,0
00-0035100,Jake Browning,12,REG,CIN,NE,1,1,14,0,0,9,5,0,0,0,0
00-0035710,Daniel Jones,12,REG,IND,KC,19,31,181,2,0,139,126,0,3,16,0
00-0036264,Jordan Love,12,REG,GB,MIN,14,21,139,0,0,176,59,1,3,15,0
00-0036389,Jalen Hurts,12,REG,PHI,DAL,27,39,289,1,0,293,134,1,7,33,2
00-0036898,Davis Mills,12,REG,HOU,BUF,16,30,153,2,0,231,65,0,2,4,0
00-0036971,Trevor Lawrence,12,REG,JAX,ARI,18,30,256,3,3,271,104,3,5,29,0
00-0037834,Brock Purdy,12,REG,SF,CAR,23,32,193,1,3,195,119,0,6,16,0
00-0038128,Malik Willis,12,REG,GB,MIN,1,1,7,0,0,1,6,0,2,3,0
00-0039150,Bryce Young,12,REG,CAR,SF,18,29,169,1,2,171,122,1,4,15,0
00-0039577,Kedon Slovis,12,REG,ARI,JAX,1,1,-2,0,0,-2,0,0,0,0,0
00-0039851,Drake Maye,12,REG,NE,CIN,22,35,294,1,1,297,105,1,5,22,0
00-0039918,Caleb Williams,12,REG,CHI,PIT,19,35,239,3,0,328,98,1,4,21,0
00-0039923,J.J. McCarthy,12,REG,MIN,GB,12,19,87,0,2,100,31,5,2,10,0
00-0040668,Shedeur Sanders,12,REG,CLE,LV,11,20,209,1,1,195,146,1,1,-1,0
00-0040676,Cam Ward,12,REG,TEN,SEA,28,42,256,1,0,195,158,4,6,37,1
00-0040743,Tyler Shough,12,REG,NO,ATL,30,43,243,0,1,314,114,5,7,22,0
00-0023459,Aaron Rodgers,13,REG,PIT,BUF,10,21,117,0,0,93,97,1,1,0,0
00-0026498,Matthew Stafford,13,REG,LA,CAR,18,28,243,2,2,221,124,2,1,-1,0
00-0028118,Tyrod Taylor,13,REG,NYJ,ATL,19,33,172,1,0,319,23,2,8,44,1
00-0029604,Kirk Cousins,13,REG,ATL,NYJ,21,33,234,1,0,154,209,2,0,0,0
00-0030565,Geno Smith,13,REG,LV,LAC,18,23,165,2,1,75,110,5,2,-6,0
00-0032268,Marcus Mariota,13,REG,WAS,DEN,28,50,294,2,1,598,82,2,10,55,0
00-0033077,Dak Prescott,13,REG,DAL,KC,27,39,320,2,1,257,188,0,3,-2,0
00-0033106,Jared Goff,13,REG,DET,GB,20,26,256,2,0,166,109,3,1,24,0
00-0033119,Jacoby Brissett,13,REG,ARI,TB,29,40,301,2,1,289,145,2,3,16,0
00-0033319,Nick Mullens,13,REG,JAX,TEN,0,0,0,0,0,0,0,0,3,-3,0
00-0033873,Patrick Mahomes,13,REG,KC,DAL,23,34,261,4,0,240,159,3,3,30,0
00-0034771,Mason Rudolph,13,REG,PIT,BUF,0,3,0,0,1,28,0,0,0,0,0
00-0034796,Lamar Jackson,13,REG,BAL,CIN,17,32,246,0,1,381,119,3,6,27,0
00-0034855,Baker Mayfield,13,REG,TB,ARI,18,28,194,1,0,208,151,2,6,27,0
00-0034857,Josh Allen,13,REG,BUF,PIT,15,23,123,1,1,39,80,0,8,38,1
00-0034869,Sam Darnold,13,REG,SEA,MIN,14,26,128,0,0,93,110,4,0,0,0
00-0035710,Daniel Jones,13,REG,IND,HOU,14,27,201,2,0,198,58,1,1,1,0
00-0036212,Tua Tagovailoa,13,REG,MIA,NO,12,23,157,0,1,232,80,4,4,4,0
00-0036264,Jordan Love,13,REG,GB,DET,18,30,234,4,0,343,39,0,5,4,0
00-0036355,Justin Herbert,13,REG,LAC,LV,15,20,151,2,1,192,44,3,3,8,0
00-0036389,Jalen Hurts,13,REG,PHI,CHI,19,34,230,2,1,334,55,0,4,31,0
00-0036442,Joe Burrow,13,REG,CIN,BAL,24,46,261,2,0,380,99,1,3,8,0
00-0036971,Trevor Lawrence,13,REG,JAX,TEN,16,27,229,2,0,270,92,3,3,25,0
00-0036972,Mac Jones,13,REG,SF,CLE,0,0,0,0,0,0,0,0,2,2,0
00-0037012,Trey Lance,13,REG,LAC,LV,1,1,9,0,0,7,2,0,4,4,0
00-0037834,Brock Purdy,13,REG,SF,CLE,16,29,168,1,0,252,44,1,2,4,1
00-0039150,Bryce Young,13,REG,CAR,LA,15,20,206,3,0,155,153,2,5,23,0
00-0039163,C.J. Stroud,13,REG,HOU,IND,22,35,276,0,1,392,110,2,1,0,0
00-0039732,Bo Nix,13,REG,DEN,WAS,29,45,321,1,1,189,196,1,2,16,0
00-0039851,Drake Maye,13,REG,NE,NYG,24,31,282,2,0,245,135,3,6,12,0
00-0039918,Caleb Williams,13,REG,CHI,PHI,17,36,154,1,1,252,75,2,5,13,0
00-0040494,Max Brosmer,13,REG,MIN,SEA,19,30,126,0,4,167,105,4,1,-1,0
00-0040668,Shedeur Sanders,13,REG,CLE,SF,16,25,149,1,0,173,76,3,1,6,0
00-0040676,Cam Ward,13,REG,TEN,JAX,24,38,141,0,0,248,49,3,1,7,0
00-0040691,Jaxson Dart,13,REG,NYG,NE,17,24,139,1,0,184,87,2,4,20,0
00-0040704,Dillon Gabriel,13,REG,CLE,SF,1,1,0,0,0,0,0,0,0,0,0
00-0040743,Tyler Shough,13,REG,NO,MIA,26,38,239,2,1,269,80,4,6,18,0
00-0023459,Aaron Rodgers,14,REG,PIT,BAL,23,34,284,1,0,212,160,0,2,0,1
00-0026498,Matthew Stafford,14,REG,LA,ARI,22,31,281,3,0,223,96,0,0,0,0
00-0028118,Tyrod Taylor,14,REG,NYJ,MIA,1,4,6,0,1,18,5,0,0,0,0
00-0029604,Kirk Cousins,14,REG,ATL,SEA,15,30,162,0,2,204,96,1,0,0,0
00-0030565,Geno Smith,14,REG,LV,DEN,13,21,116,1,0,151,27,3,1,4,0
00-0031345,Jimmy Garoppolo,14,REG,LA,ARI,0,0,0,0,0,0,0,0,3,-4,0
00-0032268,Marcus Mariota,14,REG,WAS,MIN,2,4,30,0,1,54,1,1,2,7,0
00-0033077,Dak Prescott,14,REG,DAL,DET,31,47,376,1,2,497,125,5,3,14,0
00-0033106,Jared Goff,14,REG,DET,DAL,25,34,309,1,0,229,177,1,2,-2,0
00-0033119,Jacoby Brissett,14,REG,ARI,LA,25,44,271,2,1,352,132,3,4,22,0
00-0033319,Nick Mullens,14,REG,JAX,IND,1,1,3,0,0,-2,5,0,3,-1,0
00-0033873,Patrick Mahomes,14,REG,KC,HOU,14,33,160,0,3,289,70,2,7,59,0
00-0034796,Lamar Jackson,14,REG,BAL,PIT,19,35,219,1,1,257,74,2,7,43,1
00-0034855,Baker Mayfield,14,REG,TB,NO,14,30,122,1,1,230,94,0,6,42,0
00-0034857,Josh Allen,14,REG,BUF,CIN,22,28,251,3,0,129,174,3,9,78,1
00-0034869,Sam Darnold,14,REG,SEA,ATL,20,30,249,3,1,255,114,2,3,23,0
00-0035704,Drew Lock,14,REG,SEA,ATL,0,0,0,0,0,0,0,0,1,0,0
00-0035710,Daniel Jones,14,REG,IND,JAX,5,7,60,0,1,61,23,0,1,4,0
00-0036212,Tua Tagovailoa,14,REG,MIA,NYJ,13,21,127,1,0,95,76,1,1,0,0
00-0036264,Jordan Love,14,REG,GB,CHI,17,25,234,3,1,311,95,1,1,-1,0
00-0036355,Justin Herbert,14,REG,LAC,PHI,12,26,139,1,1,270,84,7,10,66,0
00-0036389,Jalen Hurts,14,REG,PHI,LAC,21,40,240,0,4,408,111,1,4,8,0
00-0036442,Joe Burrow,14,REG,CIN,BUF,25,36,284,4,2,329,96,1,0,0,0
00-0036971,Trevor Lawrence,14,REG,JAX,IND,17,30,244,2,0,335,78,0,4,16,0
00-0037013,Zach Wilson,14,REG,MIA,NYJ,0,0,0,0,0,0,0,0,2,-2,0
00-0038102,Kenny Pickett,14,REG,LV,DEN,8,11,97,1,0,93,11,1,1,6,0
00-0039163,C.J. Stroud,14,REG,HOU,KC,15,31,203,1,0,305,69,3,2,5,0
00-0039732,Bo Nix,14,REG,DEN,LV,31,38,212,0,0,216,113,3,3,15,1
00-0039910,Jayden Daniels,14,REG,WAS,MIN,9,20,78,0,1,61,53,1,4,16,0
00-0039918,Caleb Williams,14,REG,CHI,GB,19,35,186,2,1,298,73,1,4,15,0
00-0039923,J.J. McCarthy,14,REG,MIN,WAS,16,23,163,3,0,153,80,4,6,19,0
00-0040206,Riley Leonard,14,REG,IND,JAX,18,29,145,0,1,171,69,1,2,5,1
00-0040398,Brady Cook,14,REG,NYJ,MIA,14,30,163,0,2,271,82,6,1,0,0
00-0040668,Shedeur Sanders,14,REG,CLE,TEN,23,42,364,3,1,305,262,2,3,29,1
00-0040676,Cam Ward,14,REG,TEN,CLE,14,28,117,2,1,174,85,1,2,4,0
00-0040743,Tyler Shough,14,REG,NO,TB,13,20,144,0,1,158,76,3,7,55,2
00-0022942,Philip Rivers,15,REG,IND,SEA,18,27,120,1,1,142,95,1,1,0,0
00-0023459,Aaron Rodgers,15,REG,PIT,MIA,23,27,224,2,0,92,174,3,0,0,0
00-0026498,Matthew Stafford,15,REG,LA,DET,24,38,368,2,1,471,120,2,1,2,0
00-0029604,Kirk Cousins,15,REG,ATL,TB,30,44,373,3,0,337,208,1,0,0,0
00-0031503,Jameis Winston,15,REG,NYG,WAS,0,1,0,0,0,4,0,0,0,0,0
00-0032268,Marcus Mariota,15,REG,WAS,NYG,10,19,211,1,0,259,78,2,10,43,0
00-0033077,Dak Prescott,15,REG,DAL,MIN,23,38,294,0,0,276,157,2,1,2,0
00-0033106,Jared Goff,15,REG,DET,LA,25,41,338,3,0,347,95,1,0,0,0
00-0033119,Jacoby Brissett,15,REG,ARI,HOU,27,40,249,3,1,256,141,2,3,6,0
00-0033319,Nick Mullens,15,REG,JAX,NYJ,0,0,0,0,0,0,0,0,3,-2,0
00-0033873,Patrick Mahomes,15,REG,KC,LAC,16,28,189,0,1,214,92,5,2,15,1
00-0034796,Lamar Jackson,15,REG,BAL,CIN,8,12,150,2,1,129,62,4,2,26,0
00-0034855,Baker Mayfield,15,REG,TB,ATL,19,34,277,2,1,359,63,5,1,1,0
00-0034857,Josh Allen,15,REG,BUF,NE,19,28,193,3,0,270,102,2,11,48,0
00-0034869,Sam Darnold,15,REG,SEA,IND,22,36,271,0,0,241,125,1,4,5,0
00-0035289,Gardner Minshew,15,REG,KC,LAC,3,5,22,0,1,36,11,0,0,0,0
00-0035993,Tyler Huntley,15,REG,BAL,CIN,0,0,0,0,0,0,0,0,3,-3,0
00-0036212,Tua Tagovailoa,15,REG,MIA,PIT,22,28,253,2,1,171,135,4,1,1,0
00-0036264,Jordan Love,15,REG,GB,DEN,24,40,276,1,2,452,100,3,3,29,0
00-0036355,Justin Herbert,15,REG,LAC,KC,19,29,210,1,1,198,83,4,2,0,0
00-0036389,Jalen Hurts,15,REG,PHI,LV,12,15,175,3,0,104,76,1,7,39,0
00-0036442,Joe Burrow,15,REG,CIN,BAL,25,39,225,0,2,284,108,3,2,5,0
00-0036971,Trevor Lawrence,15,REG,JAX,NYJ,20,32,330,5,0,346,104,0,5,51,1
00-0037834,Brock Purdy,15,REG,SF,TEN,23,30,295,3,0,251,127,2,7,44,0
00-0038102,Kenny Pickett,15,REG,LV,PHI,15,25,64,0,1,106,36,4,2,7,0
00-0038400,Tanner McKee,15,REG,PHI,LV,3,3,33,0,0,28,5,0,1,9,0
00-0039150,Bryce Young,15,REG,CAR,NO,15,24,163,1,0,205,50,1,7,49,0
00-0039163,C.J. Stroud,15,REG,HOU,ARI,22,29,260,3,0,117,173,1,6,10,0
00-0039376,Spencer Rattler,15,REG,NO,CAR,0,1,0,0,0,4,0,0,0,0,0
00-0039732,Bo Nix,15,REG,DEN,GB,23,34,302,4,0,323,107,0,7,10,0
00-0039851,Drake Maye,15,REG,NE,BUF,14,23,155,0,1,244,68,3,4,43,2
00-0039918,Caleb Williams,15,REG,CHI,CLE,17,28,242,2,0,275,110,3,3,13,0
00-0039923,J.J. McCarthy,15,REG,MIN,DAL,15,24,250,2,1,249,90,0,4,15,1
00-0040398,Brady Cook,15,REG,NYJ,JAX,22,33,176,1,3,213,51,3,6,39,0
00-0040668,Shedeur Sanders,15,REG,CLE,CHI,18,35,177,0,3,303,59,5,2,24,0
00-0040676,Cam Ward,15,REG,TEN,SF,18,29,170,2,0,171,100,0,1,2,0
00-0040691,Jaxson Dart,15,REG,NYG,WAS,20,36,246,2,1,426,111,1,9,63,0
00-0040743,Tyler Shough,15,REG,NO,CAR,24,32,272,1,0,265,91,5,8,32,0
00-0022942,Philip Rivers,16,REG,IND,SF,23,35,277,2,1,335,127,2,0,0,0
00-0023459,Aaron Rodgers,16,REG,PIT,DET,27,41,266,1,0,335,121,2,2,9,0
00-0026158,Joe Flacco,16,REG,CIN,MIA,1,1,4,0,0,4,0,0,0,0,0
00-0026300,Josh Johnson,16,REG,WAS,PHI,5,9,43,0,1,23,29,1,1,0,0
00-0026498,Matthew Stafford,16,REG,LA,SEA,29,49,457,3,0,477,208,0,2,6,0
00-0029604,Kirk Cousins,16,REG,ATL,ARI,21,35,197,2,1,197,137,1,5,-3,1
00-0030565,Geno Smith,16,REG,LV,HOU,16,23,201,2,1,190,98,3,0,0,0
00-0032268,Marcus Mariota,16,REG,WAS,PHI,7,14,95,0,0,148,36,1,1,-1,0
00-0033077,Dak Prescott,16,REG,DAL,LAC,21,30,244,2,0,304,72,1,2,14,0
00-0033106,Jared Goff,16,REG,DET,PIT,34,54,364,3,0,315,174,3,1,-1,0
00-0033119,Jacoby Brissett,16,REG,ARI,ATL,16,31,203,1,1,228,89,2,1,5,0
00-0034796,Lamar Jackson,16,REG,BAL,NE,7,10,101,0,0,117,31,0,2,7,0
00-0034855,Baker Mayfield,16,REG,TB,CAR,18,26,145,1,1,151,55,2,4,49,0
00-0034857,Josh Allen,16,REG,BUF,CLE,12,19,130,0,0,121,103,2,7,17,0
00-0034869,Sam Darnold,16,REG,SEA,LA,22,34,270,2,2,202,153,4,3,7,0
00-0035289,Gardner Minshew,16,REG,KC,TEN,3,8,15,0,0,32,20,0,1,8,0
00-0035993,Tyler Huntley,16,REG,BAL,NE,9,10,65,0,0,54,18,1,2,2,0
00-0036264,Jordan Love,16,REG,GB,CHI,8,13,77,0,0,76,30,0,2,7,0
00-0036355,Justin Herbert,16,REG,LAC,DAL,23,29,300,2,0,269,90,0,8,42,1
00-0036389,Jalen Hurts,16,REG,PHI,WAS,22,30,185,2,0,201,80,2,7,40,0
00-0036442,Joe Burrow,16,REG,CIN,MIA,25,32,309,4,0,182,153,2,2,6,0
00-0036971,Trevor Lawrence,16,REG,JAX,DEN,23,36,279,3,0,281,145,5,6,20,1
00-0036972,Mac Jones,16,REG,SF,IND,0,0,0,0,0,0,0,0,3,-3,0
00-0037324,Chris Oladokun,16,REG,KC,TEN,11,16,111,0,0,80,70,4,2,7,0
00-0037834,Brock Purdy,16,REG,SF,IND,25,34,295,5,1,324,65,1,2,11,0
00-0038128,Malik Willis,16,REG,GB,CHI,9,11,121,1,0,90,40,2,10,44,0
00-0038400,Tanner McKee,16,REG,PHI,WAS,0,0,0,0,0,0,0,0,2,-2,0
00-0039150,Bryce Young,16,REG,CAR,TB,21,32,191,2,0,256,66,2,4,20,0
00-0039163,C.J. Stroud,16,REG,HOU,LV,23,35,187,1,0,305,57,0,4,0,0
00-0039398,Joe Milton III,16,REG,DAL,LAC,2,2,11,0,0,8,3,0,1,7,0
00-0039732,Bo Nix,16,REG,DEN,JAX,28,47,352,1,1,449,145,1,4,11,0
00-0039851,Drake Maye,16,REG,NE,BAL,31,44,380,2,1,474,104,3,10,25,0
00-0039918,Caleb Williams,16,REG,CHI,GB,19,34,250,2,0,331,89,0,3,30,0
00-0039923,J.J. McCarthy,16,REG,MIN,NYG,9,14,108,0,1,71,70,3,2,20,1
00-0040206,Riley Leonard,16,REG,IND,SF,0,1,0,0,0,2,0,0,0,0,0
00-0040234,Quinn Ewers,16,REG,MIA,CIN,20,30,260,0,2,261,141,0,2,5,0
00-0040398,Brady Cook,16,REG,NYJ,NO,22,35,188,0,1,163,154,8,1,2,0
00-0040494,Max Brosmer,16,REG,MIN,NYG,7,9,52,0,0,54,21,1,3,-3,0
00-0040668,Shedeur Sanders,16,REG,CLE,BUF,20,29,157,1,2,54,142,2,4,49,0
00-0040676,Cam Ward,16,REG,TEN,KC,21,28,228,2,0,163,135,2,4,9,0
00-0040691,Jaxson Dart,16,REG,NYG,MIN,7,13,33,0,1,84,19,5,2,7,0
00-0040704,Dillon Gabriel,16,REG,CLE,BUF,0,0,0,0,0,0,0,1,0,0,0
00-0040743,Tyler Shough,16,REG,NO,NYJ,32,49,308,1,0,387,173,3,2,8,0
00-0022942,Philip Rivers,17,REG,IND,JAX,17,30,147,1,1,240,49,2,1,-1,0
00-0023459,Aaron Rodgers,17,REG,PIT,CLE,21,39,168,0,0,228,88,2,1,6,0
00-0026158,Joe Flacco,17,REG,CIN,ARI,3,5,24,0,0,15,15,0,4,2,0
00-0026300,Josh Johnson,17,REG,WAS,DAL,15,23,198,0,0,167,98,1,2,10,0
00-0026498,Matthew Stafford,17,REG,LA,ATL,22,38,269,2,3,513,120,3,0,0,0
00-0029604,Kirk Cousins,17,REG,ATL,LA,13,20,126,1,0,167,57,0,1,1,0
00-0030565,Geno Smith,17,REG,LV,NYG,20,28,176,1,2,151,100,3,1,1,0
00-0033077,Dak Prescott,17,REG,DAL,WAS,19,37,307,2,0,382,151,6,4,24,0
00-0033106,Jared Goff,17,REG,DET,MIN,18,29,197,1,2,199,86,5,3,2,0
00-0033119,Jacoby Brissett,17,REG,ARI,CIN,21,37,212,2,0,285,118,4,0,0,0
00-0033949,Joshua Dobbs,17,REG,NE,NYJ,3,4,30,0,0,39,25,0,2,-1,0
00-0034855,Baker Mayfield,17,REG,TB,MIA,33,44,346,2,2,360,205,3,3,16,0
00-0034857,Josh Allen,17,REG,BUF,PHI,23,35,262,0,0,251,95,5,7,27,2
00-0034869,Sam Darnold,17,REG,SEA,CAR,18,27,147,1,1,141,73,3,3,2,0
00-0035993,Tyler Huntley,17,REG,BAL,GB,16,20,107,1,0,80,53,1,8,60,0
00-0036355,Justin Herbert,17,REG,LAC,HOU,21,32,236,1,1,280,112,5,6,37,0
00-0036389,Jalen Hurts,17,REG,PHI,BUF,13,27,110,1,0,258,30,1,3,5,0
00-0036442,Joe Burrow,17,REG,CIN,ARI,24,31,305,2,0,253,173,3,3,2,0
00-0036971,Trevor Lawrence,17,REG,JAX,IND,23,37,263,0,1,362,93,2,8,26,2
00-0037324,Chris Oladokun,17,REG,KC,DEN,13,22,66,1,0,112,34,1,2,11,0
00-0037834,Brock Purdy,17,REG,SF,CHI,24,33,303,3,1,253,108,1,6,28,2
00-0038102,Kenny Pickett,17,REG,LV,NYG,2,2,16,0,0,16,0,1,0,0,0
00-0038128,Malik Willis,17,REG,GB,BAL,18,21,288,1,0,260,77,1,9,60,2
00-0038582,Clayton Tune,17,REG,GB,BAL,1,4,8,0,1,31,5,1,1,0,0
00-0039150,Bryce Young,17,REG,CAR,SEA,14,24,54,0,1,43,71,2,9,27,1
00-0039163,C.J. Stroud,17,REG,HOU,LAC,16,28,244,2,2,256,107,0,4,0,0
00-0039732,Bo Nix,17,REG,DEN,KC,26,38,182,1,1,206,100,1,9,42,1
00-0039851,Drake Maye,17,REG,NE,NYJ,19,21,256,5,0,181,112,1,3,22,0
00-0039918,Caleb Williams,17,REG,CHI,SF,25,42,330,2,0,303,130,0,5,18,0
00-0040206,Riley Leonard,17,REG,IND,JAX,0,1,0,0,1,48,0,0,0,0,0
00-0040234,Quinn Ewers,17,REG,MIA,TB,14,22,172,2,0,196,109,2,4,5,0
00-0040398,Brady Cook,17,REG,NYJ,NE,19,33,152,0,1,147,98,1,2,1,0
00-0040494,Max Brosmer,17,REG,MIN,DET,9,16,51,0,0,67,29,7,2,16,0
00-0040668,Shedeur Sanders,17,REG,CLE,PIT,17,23,186,1,2,189,49,2,4,20,0
00-0040676,Cam Ward,17,REG,TEN,NO,21,40,251,2,0,373,82,4,2,10,0
00-0040691,Jaxson Dart,17,REG,NYG,LV,22,30,207,0,0,157,121,2,9,48,2
00-0040743,Tyler Shough,17,REG,NO,TEN,22,27,333,2,0,282,168,2,4,6,0
00-0023459,Aaron Rodgers,18,REG,PIT,BAL,31,47,294,1,0,325,194,2,1,20,0
00-0026158,Joe Flacco,18,REG,CIN,CLE,0,0,0,0,0,0,0,0,1,2,0
00-0026300,Josh Johnson,18,REG,WAS,PHI,14,22,131,1,1,123,86,0,9,45,1
00-0026498,Matthew Stafford,18,REG,LA,ARI,25,40,259,4,0,359,89,1,1,3,0
00-0029604,Kirk Cousins,18,REG,ATL,NO,18,32,180,1,1,221,71,4,3,0,0
00-0031345,Jimmy Garoppolo,18,REG,LA,ARI,0,0,0,0,0,0,0,0,3,-3,0
00-0032434,Brandon Allen,18,REG,TEN,JAX,17,30,72,0,1,109,80,1,0,0,0
00-0033077,Dak Prescott,18,REG,DAL,NYG,7,11,70,0,0,41,43,0,2,-1,0
00-0033106,Jared Goff,18,REG,DET,CHI,27,42,331,1,1,250,169,2,0,0,0
00-0033119,Jacoby Brissett,18,REG,ARI,LA,22,31,243,2,1,232,101,6,3,19,0
00-0033319,Nick Mullens,18,REG,JAX,TEN,2,2,16,0,0,6,10,0,3,-2,0
00-0033869,Mitchell Trubisky,18,REG,BUF,NYJ,22,29,259,4,0,199,120,0,5,5,0
00-0033949,Joshua Dobbs,18,REG,NE,MIA,3,4,23,0,0,50,23,0,3,0,0
00-0034796,Lamar Jackson,18,REG,BAL,PIT,11,18,238,3,1,177,91,3,4,9,0
00-0034855,Baker Mayfield,18,REG,TB,CAR,16,22,203,1,1,142,111,2,4,31,0
00-0034869,Sam Darnold,18,REG,SEA,SF,20,26,198,0,0,126,128,2,6,9,0
00-0036442,Joe Burrow,18,REG,CIN,CLE,29,39,236,3,1,193,132,2,2,17,0
00-0036679,Shane Buechele,18,REG,KC,LV,7,14,88,0,0,138,28,5,1,4,0
00-0036898,Davis Mills,18,REG,HOU,IND,3,9,36,0,0,54,15,0,1,12,0
00-0036971,Trevor Lawrence,18,REG,JAX,TEN,22,30,255,3,0,289,80,2,2,11,0
00-0037012,Trey Lance,18,REG,LAC,DEN,20,44,136,0,1,395,69,4,9,69,0
00-0037013,Zach Wilson,18,REG,MIA,NE,0,2,0,0,0,-4,0,0,0,0,0
00-0037324,Chris Oladokun,18,REG,KC,LV,11,17,58,0,0,85,52,3,1,0,0
00-0037834,Brock Purdy,18,REG,SF,SEA,19,27,127,0,1,129,50,3,2,21,0
00-0038102,Kenny Pickett,18,REG,LV,KC,1,4,3,0,1,42,8,2,1,9,0
00-0038400,Tanner McKee,18,REG,PHI,WAS,21,40,241,1,1,383,95,3,2,3,0
00-0038579,Aidan O'Connell,18,REG,LV,KC,10,22,102,0,0,184,31,1,1,7,0
00-0038582,Clayton Tune,18,REG,GB,MIN,6,11,34,0,0,27,23,4,4,23,0
00-0039150,Bryce Young,18,REG,CAR,TB,24,35,266,2,1,253,91,0,2,-1,0
00-0039163,C.J. Stroud,18,REG,HOU,IND,14,23,169,1,0,139,82,0,2,5,1
00-0039398,Joe Milton III,18,REG,DAL,NYG,7,13,73,0,1,137,54,0,4,43,0
00-0039732,Bo Nix,18,REG,DEN,LAC,14,23,141,0,0,26,138,4,8,49,0
00-0039851,Drake Maye,18,REG,NE,MIA,14,18,191,1,0,207,95,0,5,41,0
00-0039918,Caleb Williams,18,REG,CHI,DET,20,33,212,2,1,260,98,1,1,1,0
00-0039923,J.J. McCarthy,18,REG,MIN,GB,14,23,182,0,0,175,92,0,2,7,0
00-0040206,Riley Leonard,18,REG,IND,HOU,21,34,270,2,1,307,99,1,3,21,1
00-0040234,Quinn Ewers,18,REG,MIA,NE,16,23,137,1,1,164,89,4,1,9,0
00-0040398,Brady Cook,18,REG,NYJ,BUF,11,22,60,1,0,73,32,1,3,7,0
00-0040494,Max Brosmer,18,REG,MIN,GB,7,8,57,0,0,23,43,2,0,0,0
00-0040668,Shedeur Sanders,18,REG,CLE,CIN,11,22,111,0,0,196,80,6,3,26,0
00-0040676,Cam Ward,18,REG,TEN,JAX,3,3,52,0,0,18,34,0,2,11,1
00-0040691,Jaxson Dart,18,REG,NYG,DAL,22,32,230,2,0,174,168,4,5,32,0
00-0040743,Tyler Shough,18,REG,NO,ATL,23,35,259,1,1,281,129,4,3,34,1
00-0023459,Aaron Rodgers,19,POST,PIT,HOU,17,33,146,0,1,290,73,4,0,0,0
00-0026498,Matthew Stafford,19,POST,LA,CAR,24,42,304,3,1,498,111,1,2,0,0
00-0034771,Mason Rudolph,19,POST,PIT,HOU,1,1,2,0,0,0,2,0,0,0,0
00-0034857,Josh Allen,19,POST,BUF,JAX,28,35,273,1,0,277,101,1,11,33,2
00-0036264,Jordan Love,19,POST,GB,CHI,24,46,323,4,0,469,162,1,1,11,0
00-0036355,Justin Herbert,19,POST,LAC,NE,19,31,159,0,0,235,71,6,10,57,0
00-0036389,Jalen Hurts,19,POST,PHI,SF,20,35,168,1,0,313,87,1,5,14,0
00-0036971,Trevor Lawrence,19,POST,JAX,BUF,18,30,207,3,2,292,81,1,6,31,0
00-0037834,Brock Purdy,19,POST,SF,PHI,18,31,262,2,2,239,134,1,9,24,0
00-0039150,Bryce Young,19,POST,CAR,LA,21,40,264,1,1,365,125,2,3,24,1
00-0039163,C.J. Stroud,19,POST,HOU,PIT,21,32,250,1,1,289,90,3,1,0,0
00-0039851,Drake Maye,19,POST,NE,LAC,17,29,268,1,1,253,136,5,10,66,0
00-0039918,Caleb Williams,19,POST,CHI,GB,24,48,361,2,2,558,125,1,4,20,0
00-0026498,Matthew Stafford,20,POST,LA,CHI,20,42,258,0,0,420,133,4,1,-1,0
00-0034857,Josh Allen,20,POST,BUF,DEN,25,39,283,3,2,360,188,3,12,66,0
00-0034869,Sam Darnold,20,POST,SEA,SF,12,17,124,1,0,154,54,2,0,0,0
00-0036972,Mac Jones,20,POST,SF,SEA,2,4,4,0,0,38,0,0,1,7,0
00-0037834,Brock Purdy,20,POST,SF,SEA,15,27,140,0,1,210,89,2,5,37,0
00-0039163,C.J. Stroud,20,POST,HOU,NE,20,47,212,1,4,417,84,3,2,11,0
00-0039732,Bo Nix,20,POST,DEN,BUF,26,46,279,3,1,305,116,0,12,29,0
00-0039851,Drake Maye,20,POST,NE,HOU,16,27,179,3,1,267,106,5,4,10,0
00-0039918,Caleb Williams,20,POST,CHI,LA,23,42,257,2,3,384,134,0,5,40,0
00-0026498,Matthew Stafford,21,POST,LA,SEA,22,35,374,3,0,430,124,1,2,16,0
00-0034869,Sam Darnold,21,POST,SEA,LA,25,36,346,3,0,296,146,3,3,9,0
00-0035264,Jarrett Stidham,21,POST,DEN,NE,17,31,133,1,1,182,72,3,4,23,0
00-0039851,Drake Maye,21,POST,NE,DEN,10,21,86,0,0,252,37,5,10,65,1
